{"0": [-0.6559426822015281, 0.3606777040873976], "1": [-0.551547439212892, 0.3071709029694018], "2": [-0.085083371049075, -0.07530223134179369], "3": [-0.5135628142239622, 0.12978219241932665], "4": [0.21143789133775978, -0.2101875291414416], "5": [0.2902086804078907, -0.0126622683728501], "6": [0.38897200628344614, -0.2531336395967014], "7": [0.6323125872480782, -0.40273817055880723], "8": [0.3885806625273317, 0.0802264786102447], "9": [0.8305735752675224, -0.013259920738898725], "10": [0.8085889376772382, -0.13910294213935012], "11": [0.6742872301039857, 0.2089010283630445], "12": [0.5970246683259856, -0.21940143519514604], "13": [0.30633681478042835, 0.16894487922808812], "14": [-0.9139214337273432, 0.38699060413154196], "15": [-0.7589089164356392, -0.145939811336], "16": [-0.4353215940729318, 0.7259567217405261], "17": [-0.17829054034168523, 0.41461360280148607], "18": [-0.023965751696614905, 0.45561609565620675], "19": [-0.0632955783315025, -0.8140698513104446], "20": [-0.33461084791144724, -7.619491537856282e-05], "21": [-0.3845203038693324, -0.4441575259830954], "22": [-0.21294305697717186, -0.09566674722412895], "23": [-0.6190207586368212, -0.05333999610310673], "24": [-0.6246919348217411, 0.1526904939910176], "25": [-0.28982792502721116, 0.4381059836943079], "26": [0.1976870510494232, 0.5722699050405431], "27": [0.09296221590693553, 0.8091716508022208], "28": [0.4836583694441893, 0.6250491903095042], "29": [0.2641308378576385, 0.7988606617711825], "30": [0.3514274934711195, 0.8886126229292268], "31": [0.4988443108444431, 0.2811918728203321], "32": [-0.16489098277825556, 0.9866728654614353], "33": [-0.4428309167722597, 0.6078681889057574], "34": [-0.39598094646320176, -0.34837336615259673], "35": [-0.24225557741049814, 0.06063509174343865], "36": [0.10506992886303486, -0.5669810064133214], "37": [-0.03859462748859889, -0.2936270362827732], "38": [0.48676224035882865, -0.4800719547463373], "39": [0.27652619474958784, -0.5680298468561367], "40": [0.7508613142699987, -0.5745383543439102], "41": [0.8854926635876011, -0.9876642826741289], "42": [0.6627275129239107, -1.0], "43": [0.5617527363518604, -0.8919806901020376], "44": [0.3582309883909059, -0.5271299584964576], "45": [-0.7499761293471509, -0.5918691766883435], "46": [-0.25163870596070775, -0.5629779898881787], "47": [-0.7536750313264808, 0.3439499697815395], "48": [-0.49442646912462973, -0.08355431538789214], "49": [-0.9247325768204632, 0.5518775347314865]}